{
  "base": {
    "x": 2776.64453125,
    "y": 729.15625
  },
  "clicks": [
    {
      "dx": 0.0,
      "dy": 0.0,
      "dt": 0.0
    },
    {
      "dx": 498.875,
      "dy": -172.72265625,
      "dt": 3.5671926659997553
    },
    {
      "dx": 136.16015625,
      "dy": -130.0546875,
      "dt": 2.779794458998367
    }
  ]
}