{
  "base": {
    "x": 2775.015625,
    "y": 729.16015625
  },
  "clicks": [
    {
      "dx": 0.0,
      "dy": 0.0,
      "dt": 0.0
    },
    {
      "dx": 501.171875,
      "dy": -171.15234375,
      "dt": 4.106756957997277
    },
    {
      "dx": 155.3828125,
      "dy": -88.6015625,
      "dt": 15.20775266700366
    }
  ]
}